CUST-0001,John,Ryan,23 Convent Road,Limerick co Limerick,1989-02-03,+353851652376,j_ryan@icetb.ie,M
CUST-0002,Niamh,Murphy,34 Mulgrave Street,Castleconnell co Limerick,2002-10-19,+353850943376,neamh_murphy@gmail.com,F
CUST-0003,Michael,Petrov,73 Castle street,Birr co Offaly,1983-03-06,+353834021894,petrov.u@mail.ru,M
CUST-0004,Michael,Ivanov,45 Castle street,Birr co Offaly,1998-10-01,+353851604272,ivanov@mail.ru,M
CUST-0005,Cevin,Cosner,2 Main Street,Keshcarrigan co Leitrim,1979-11-16,+353871420456,c.costner@yahoo.com,M
CUST-0006,Abiola,Ogunwemimo,45 limerick street,Limerick co Limerick,2026-01-01,+3530988525219,amn@gmail.com,M
CUST-0007,Merli,Menson,56 Sainin Rd,Dublin co Dublin,1983-04-18,+353848237104,Menson@gmail.com,F
